Player,3DAtt,3DConv,4DAtt,4DConv,4D%,RZAtt,RZTD,RZPct,Team,Year
86.0,39.0,45.3,10.0,6.0,60.0,21.0,9.0,42.9,sfo,2025
68.0,23.0,33.8,8.0,6.0,75.0,18.0,11.0,61.1,sfo,2025
,,4.0,,,17.0,,,28.0,sfo,2025
,,5.0,,,25.0,,,20.0,sfo,2025
204.0,75.0,36.8%,20.0,10.0,50.0%,47.0,29.0,61.7%,gnb,2018
212.0,79.0,37.3%,18.0,12.0,66.7%,56.0,34.0,60.7%,gnb,2018
,,23,,,20,,,13,gnb,2018
,,13,,,28,,,20,gnb,2018
194.0,73.0,37.6,15.0,12.0,80.0,55.0,32.0,58.2,nor,2017
212.0,87.0,41.0,12.0,4.0,33.3,48.0,25.0,52.1,nor,2017
,,19.0,,,1.0,,,8.0,nor,2017
,,27.0,,,8.0,,,14.0,nor,2017
221.0,67.0,30.3%,26.0,13.0,50.0%,48.0,23.0,47.9%,htx,2022
221.0,86.0,38.9%,21.0,13.0,61.9%,55.0,31.0,56.4%,htx,2022
,,31,,,17,,,26,htx,2022
,,15,,,26,,,19,htx,2022
196.0,71.0,36.2%,24.0,13.0,54.2%,50.0,30.0,60.0%,mia,2022
233.0,97.0,41.6%,31.0,15.0,48.4%,59.0,35.0,59.3%,mia,2022
,,24,,,9,,,10,mia,2022
,,24,,,15,,,23,mia,2022
207.0,87.0,42.0%,21.0,13.0,61.9%,60.0,31.0,51.7%,atl,2019
193.0,77.0,39.9%,20.0,12.0,60.0%,53.0,31.0,58.5%,atl,2019
,,11,,,4,,,25,atl,2019
,,21,,,26,,,19,atl,2019
217.0,99.0,45.6%,23.0,20.0,87.0%,71.0,45.0,63.4%,was,2024
207.0,79.0,38.2%,24.0,16.0,66.7%,53.0,32.0,60.4%,was,2024
,,6,,,1,,,6,was,2024
,,15,,,27,,,22,was,2024
220.0,90.0,40.9%,25.0,8.0,32.0%,50.0,28.0,56.0%,chi,2022
204.0,100.0,49.0%,15.0,6.0,40.0%,62.0,40.0,64.5%,chi,2022
,,13,,,31,,,13,chi,2022
,,32,,,6,,,28,chi,2022
180.0,89.0,49.4%,21.0,13.0,61.9%,60.0,48.0,80.0%,gnb,2020
185.0,73.0,39.5%,24.0,14.0,58.3%,52.0,30.0,57.7%,gnb,2020
,,2,,,10,,,1,gnb,2020
,,10,,,19,,,8,gnb,2020
211.0,82.0,38.9%,24.0,10.0,41.7%,54.0,29.0,53.7%,atl,2021
217.0,105.0,48.4%,22.0,11.0,50.0%,69.0,44.0,63.8%,atl,2021
,,19,,,28,,,24,atl,2021
,,30,,,12,,,24,atl,2021
211.0,86.0,40.8%,37.0,20.0,54.1%,68.0,45.0,66.2%,det,2022
204.0,92.0,45.1%,27.0,15.0,55.6%,58.0,37.0,63.8%,det,2022
,,14,,,11,,,4,det,2022
,,30,,,20,,,27,det,2022
218.0,82.0,37.6%,20.0,9.0,45.0%,52.0,31.0,59.6%,cin,2023
213.0,87.0,40.8%,15.0,7.0,46.7%,60.0,31.0,51.7%,cin,2023
,,20,,,25,,,10,cin,2023
,,22,,,8,,,11,cin,2023
197.0,77.0,39.1%,15.0,6.0,40.0%,55.0,37.0,67.3%,sfo,2020
200.0,71.0,35.5%,20.0,13.0,65.0%,45.0,26.0,57.8%,sfo,2020
,,24,,,28,,,8,sfo,2020
,,4,,,25,,,9,sfo,2020
179.0,52.0,29.1%,14.0,6.0,42.9%,41.0,20.0,48.8%,was,2019
227.0,111.0,48.9%,19.0,12.0,63.2%,59.0,36.0,61.0%,was,2019
,,32,,,22,,,27,was,2019
,,32,,,30,,,24,was,2019
225.0,108.0,48.0%,26.0,19.0,73.1%,60.0,36.0,60.0%,phi,2023
233.0,108.0,46.4%,34.0,19.0,55.9%,59.0,39.0,66.1%,phi,2023
,,3,,,1,,,9,phi,2023
,,31,,,25,,,30,phi,2023
233.0,82.0,35.2%,41.0,18.0,43.9%,44.0,25.0,56.8%,crd,2022
203.0,87.0,42.9%,16.0,8.0,50.0%,66.0,43.0,65.2%,crd,2022
,,26,,,24,,,11,crd,2022
,,28,,,16,,,30,crd,2022
208.0,83.0,39.9%,24.0,13.0,54.2%,48.0,23.0,47.9%,rai,2022
206.0,86.0,41.7%,20.0,11.0,55.0%,54.0,35.0,64.8%,rai,2022
,,16,,,9,,,26,rai,2022
,,26,,,19,,,29,rai,2022
209.0,82.0,39.2%,31.0,21.0,67.7%,53.0,29.0,54.7%,atl,2024
212.0,96.0,45.3%,26.0,14.0,53.8%,57.0,37.0,64.9%,atl,2024
,,17,,,6,,,20,atl,2024
,,31,,,15,,,28,atl,2024
193.0,73.0,37.8%,10.0,5.0,50.0%,51.0,21.0,41.2%,sfo,2018
216.0,87.0,40.3%,17.0,10.0,58.8%,58.0,38.0,65.5%,sfo,2018
,,18,,,20,,,32,sfo,2018
,,21,,,20,,,26,sfo,2018
65.0,34.0,52.3,4.0,3.0,75.0,21.0,15.0,71.4,gnb,2025
70.0,24.0,34.3,12.0,8.0,66.7,14.0,9.0,64.3,gnb,2025
,,1.0,,,7.0,,,6.0,gnb,2025
,,6.0,,,19.0,,,23.0,gnb,2025
224.0,87.0,38.8%,32.0,16.0,50.0%,51.0,26.0,51.0%,was,2021
229.0,111.0,48.5%,20.0,12.0,60.0%,59.0,35.0,59.3%,was,2021
,,20,,,20,,,29,was,2021
,,31,,,22,,,17,was,2021
212.0,78.0,36.8%,21.0,10.0,47.6%,49.0,31.0,63.3%,nyg,2022
205.0,72.0,35.1%,17.0,11.0,64.7%,63.0,31.0,49.2%,nyg,2022
,,22,,,21,,,7,nyg,2022
,,5,,,30,,,5,nyg,2022
213.0,82.0,38.5%,28.0,16.0,57.1%,53.0,29.0,54.7%,den,2021
225.0,101.0,44.9%,26.0,11.0,42.3%,43.0,21.0,48.8%,den,2021
,,21,,,13,,,22,den,2021
,,28,,,4,,,3,den,2021
195.0,67.0,34.4%,15.0,2.0,13.3%,40.0,14.0,35.0%,pit,2019
209.0,76.0,36.4%,21.0,10.0,47.6%,46.0,23.0,50.0%,pit,2019
,,27,,,32,,,32,pit,2019
,,9,,,17,,,6,pit,2019
232.0,82.0,35.3%,32.0,16.0,50.0%,57.0,28.0,49.1%,clt,2023
240.0,89.0,37.1%,26.0,17.0,65.4%,52.0,29.0,55.8%,clt,2023
,,26,,,16,,,23,clt,2023
,,11,,,30,,,17,clt,2023
234.0,91.0,38.9,18.0,8.0,44.4,51.0,24.0,47.1,sfo,2017
221.0,95.0,43.0,12.0,10.0,83.3,57.0,34.0,59.6,sfo,2017
,,16.0,,,18.0,,,27.0,sfo,2017
,,30.0,,,32.0,,,26.0,sfo,2017
236.0,103.0,43.6%,24.0,15.0,62.5%,61.0,39.0,63.9%,oti,2021
210.0,77.0,36.7%,24.0,14.0,58.3%,58.0,30.0,51.7%,oti,2021
,,8,,,7,,,5,oti,2021
,,6,,,21,,,7,oti,2021
77.0,29.0,37.7,9.0,3.0,33.3,19.0,8.0,42.1,nor,2025
70.0,29.0,41.4,8.0,4.0,50.0,18.0,12.0,66.7,nor,2025
,,21.0,,,29.0,,,29.0,nor,2025
,,24.0,,,8.0,,,24.0,nor,2025
202.0,64.0,31.7%,16.0,11.0,68.8%,42.0,20.0,47.6%,den,2019
211.0,79.0,37.4%,19.0,9.0,47.4%,46.0,18.0,39.1%,den,2019
,,30,,,2,,,28,den,2019
,,13,,,16,,,1,den,2019
220.0,96.0,43.6%,20.0,10.0,50.0%,61.0,33.0,54.1%,kan,2023
224.0,83.0,37.1%,28.0,13.0,46.4%,50.0,25.0,50.0%,kan,2023
,,6,,,16,,,17,kan,2023
,,10,,,7,,,8,kan,2023
239.0,93.0,38.9%,21.0,10.0,47.6%,50.0,27.0,54.0%,pit,2021
232.0,86.0,37.1%,24.0,13.0,54.2%,59.0,30.0,50.8%,pit,2021
,,18,,,24,,,23,pit,2021
,,7,,,17,,,5,pit,2021
185.0,70.0,37.8%,14.0,4.0,28.6%,45.0,34.0,75.6%,oti,2019
204.0,74.0,36.3%,25.0,10.0,40.0%,47.0,32.0,68.1%,oti,2019
,,18,,,30,,,1,oti,2019
,,8,,,8,,,31,oti,2019
211.0,76.0,36.0%,30.0,14.0,46.7%,50.0,31.0,62.0%,car,2024
223.0,112.0,50.2%,15.0,9.0,60.0%,76.0,50.0,65.8%,car,2024
,,26,,,26,,,9,car,2024
,,32,,,20,,,29,car,2024
207.0,66.0,31.9%,24.0,12.0,50.0%,50.0,29.0,58.0%,car,2019
193.0,77.0,39.9%,9.0,6.0,66.7%,64.0,41.0,64.1%,car,2019
,,29,,,13,,,13,car,2019
,,21,,,31,,,29,car,2019
215.0,81.0,37.7%,23.0,9.0,39.1%,45.0,24.0,53.3%,oti,2024
213.0,88.0,41.3%,13.0,10.0,76.9%,57.0,36.0,63.2%,oti,2024
,,19,,,30,,,24,oti,2024
,,22,,,31,,,25,oti,2024
208.0,93.0,44.7%,16.0,11.0,68.8%,68.0,49.0,72.1%,nor,2020
207.0,79.0,38.2%,30.0,16.0,53.3%,50.0,34.0,68.0%,nor,2020
,,8,,,5,,,5,nor,2020
,,9,,,14,,,29,nor,2020
230.0,91.0,39.6%,22.0,15.0,68.2%,56.0,35.0,62.5%,den,2024
236.0,88.0,37.3%,30.0,16.0,53.3%,49.0,23.0,46.9%,den,2024
,,13,,,5,,,7,den,2024
,,11,,,14,,,3,den,2024
231.0,88.0,38.1%,42.0,23.0,54.8%,56.0,30.0,53.6%,cle,2022
215.0,85.0,39.5%,18.0,8.0,44.4%,58.0,32.0,55.2%,cle,2022
,,19,,,8,,,18,cle,2022
,,19,,,12,,,16,cle,2022
211.0,83.0,39.3,28.0,15.0,53.6,42.0,26.0,61.9,gnb,2017
208.0,89.0,42.8,10.0,8.0,80.0,46.0,30.0,65.2,gnb,2017
,,13.0,,,9.0,,,3.0,gnb,2017
,,28.0,,,31.0,,,31.0,gnb,2017
235.0,84.0,35.7%,34.0,14.0,41.2%,47.0,25.0,53.2%,car,2021
217.0,82.0,37.8%,21.0,12.0,57.1%,52.0,35.0,67.3%,car,2021
,,29,,,31,,,25,car,2021
,,9,,,18,,,29,car,2021
184.0,82.0,44.6%,16.0,13.0,81.3%,69.0,48.0,69.6%,nor,2018
189.0,78.0,41.3%,29.0,14.0,48.3%,49.0,31.0,63.3%,nor,2018
,,7,,,2,,,4,nor,2018
,,24,,,9,,,23,nor,2018
228.0,90.0,39.5%,18.0,7.0,38.9%,56.0,27.0,48.2%,pit,2024
204.0,72.0,35.3%,22.0,15.0,68.2%,61.0,33.0,54.1%,pit,2024
,,15,,,31,,,29,pit,2024
,,2,,,29,,,13,pit,2024
191.0,86.0,45.0%,15.0,6.0,40.0%,80.0,46.0,57.5%,ram,2018
188.0,70.0,37.2%,15.0,9.0,60.0%,52.0,30.0,57.7%,ram,2018
,,5,,,30,,,18,ram,2018
,,12,,,22,,,14,ram,2018
193.0,97.0,50.3%,13.0,7.0,53.8%,58.0,35.0,60.3%,buf,2022
208.0,78.0,37.5%,33.0,19.0,57.6%,49.0,22.0,44.9%,buf,2022
,,1,,,12,,,9,buf,2022
,,7,,,22,,,2,buf,2022
228.0,87.0,38.2%,29.0,13.0,44.8%,52.0,26.0,50.0%,jax,2023
230.0,84.0,36.5%,41.0,21.0,51.2%,52.0,29.0,55.8%,jax,2023
,,17,,,26,,,21,jax,2023
,,8,,,17,,,17,jax,2023
226.0,98.0,43.4%,17.0,8.0,47.1%,57.0,33.0,57.9%,ram,2020
209.0,74.0,35.4%,21.0,9.0,42.9%,46.0,27.0,58.7%,ram,2020
,,12,,,26,,,19,ram,2020
,,3,,,5,,,12,ram,2020
223.0,76.0,34.1,16.0,10.0,62.5,52.0,30.0,57.7,rav,2017
222.0,82.0,36.9,16.0,6.0,37.5,45.0,22.0,48.9,rav,2017
,,27.0,,,4.0,,,10.0,rav,2017
,,10.0,,,11.0,,,11.0,rav,2017
67.0,27.0,40.3,10.0,6.0,60.0,26.0,13.0,50.0,ram,2025
85.0,31.0,36.5,17.0,12.0,70.6,18.0,8.0,44.4,ram,2025
,,16.0,,,17.0,,,24.0,ram,2025
,,10.0,,,24.0,,,3.0,ram,2025
202.0,82.0,40.6,13.0,8.0,61.5,70.0,42.0,60.0,nwe,2017
208.0,82.0,39.4,23.0,10.0,43.5,48.0,21.0,43.8,nwe,2017
,,10.0,,,5.0,,,5.0,nwe,2017
,,21.0,,,13.0,,,4.0,nwe,2017
235.0,61.0,26.0%,29.0,17.0,58.6%,37.0,12.0,32.4%,nyj,2023
242.0,90.0,37.2%,16.0,7.0,43.8%,49.0,24.0,49.0%,nyj,2023
,,32,,,6,,,32,nyj,2023
,,13,,,5,,,7,nyj,2023
237.0,91.0,38.4%,32.0,15.0,46.9%,47.0,27.0,57.4%,sdg,2023
232.0,89.0,38.4%,32.0,19.0,59.4%,51.0,27.0,52.9%,sdg,2023
,,16,,,24,,,12,sdg,2023
,,16,,,28,,,13,sdg,2023
207.0,101.0,48.8%,19.0,12.0,63.2%,60.0,38.0,63.3%,rav,2020
191.0,65.0,34.0%,35.0,16.0,45.7%,45.0,28.0,62.2%,rav,2020
,,4,,,8,,,12,rav,2020
,,2,,,9,,,18,rav,2020
201.0,82.0,40.8%,14.0,7.0,50.0%,57.0,34.0,59.6%,nwe,2018
197.0,76.0,38.6%,16.0,6.0,37.5%,46.0,27.0,58.7%,nwe,2018
,,13,,,20,,,15,nwe,2018
,,16,,,2,,,16,nwe,2018
226.0,93.0,41.2%,19.0,9.0,47.4%,64.0,40.0,62.5%,min,2022
215.0,82.0,38.1%,29.0,11.0,37.9%,49.0,28.0,57.1%,min,2022
,,12,,,22,,,8,min,2022
,,12,,,3,,,21,min,2022
231.0,104.0,45.0%,22.0,13.0,59.1%,59.0,33.0,55.9%,rav,2018
211.0,72.0,34.1%,20.0,10.0,50.0%,41.0,26.0,63.4%,rav,2018
,,6,,,14,,,20,rav,2018
,,3,,,10,,,24,rav,2018
186.0,76.0,40.9%,17.0,9.0,52.9%,48.0,26.0,54.2%,nwe,2020
186.0,76.0,40.9%,16.0,9.0,56.3%,49.0,32.0,65.3%,nwe,2020
,,17,,,22,,,24,nwe,2020
,,16,,,16,,,27,nwe,2020
210.0,79.0,37.6%,19.0,10.0,52.6%,42.0,24.0,57.1%,sea,2024
224.0,83.0,37.1%,20.0,10.0,50.0%,57.0,30.0,52.6%,sea,2024
,,21,,,21,,,14,sea,2024
,,10,,,6,,,9,sea,2024
236.0,98.0,41.5%,18.0,12.0,66.7%,49.0,22.0,44.9%,tam,2023
225.0,92.0,40.9%,25.0,12.0,48.0%,54.0,23.0,42.6%,tam,2023
,,10,,,2,,,30,tam,2023
,,23,,,14,,,3,tam,2023
200.0,79.0,39.5%,14.0,7.0,50.0%,60.0,38.0,63.3%,sea,2019
185.0,71.0,38.4%,12.0,7.0,58.3%,52.0,32.0,61.5%,sea,2019
,,16,,,13,,,9,sea,2019
,,16,,,24,,,26,sea,2019
69.0,28.0,40.6,12.0,4.0,33.3,18.0,8.0,44.4,rav,2025
84.0,37.0,44.0,14.0,11.0,78.6,30.0,21.0,70.0,rav,2025
,,15.0,,,29.0,,,26.0,rav,2025
,,28.0,,,28.0,,,29.0,rav,2025
231.0,105.0,45.5%,19.0,10.0,52.6%,56.0,40.0,71.4%,dal,2022
231.0,87.0,37.7%,22.0,12.0,54.5%,50.0,26.0,52.0%,dal,2022
,,5,,,14,,,1,dal,2022
,,9,,,18,,,9,dal,2022
193.0,72.0,37.3%,11.0,4.0,36.4%,48.0,31.0,64.6%,sea,2021
224.0,88.0,39.3%,31.0,13.0,41.9%,61.0,31.0,50.8%,sea,2021
,,23,,,32,,,3,sea,2021
,,14,,,3,,,4,sea,2021
70.0,29.0,41.4,10.0,8.0,80.0,20.0,12.0,60.0,nwe,2025
64.0,26.0,40.6,6.0,2.0,33.3,14.0,10.0,71.4,nwe,2025
,,10.0,,,4.0,,,17.0,nwe,2025
,,21.0,,,3.0,,,30.0,nwe,2025
214.0,88.0,41.1,12.0,5.0,41.7,69.0,38.0,55.1,ram,2017
227.0,86.0,37.9,15.0,9.0,60.0,46.0,27.0,58.7,ram,2017
,,9.0,,,20.0,,,14.0,ram,2017
,,14.0,,,25.0,,,24.0,ram,2017
205.0,82.0,40.0%,12.0,7.0,58.3%,47.0,25.0,53.2%,oti,2018
205.0,75.0,36.6%,20.0,11.0,55.0%,47.0,21.0,44.7%,oti,2018
,,15,,,15,,,23,oti,2018
,,10,,,16,,,2,oti,2018
74.0,29.0,39.2,14.0,9.0,64.3,19.0,12.0,63.2,car,2025
68.0,26.0,38.2,10.0,7.0,70.0,20.0,12.0,60.0,car,2025
,,19.0,,,14.0,,,15.0,car,2025
,,12.0,,,22.0,,,19.0,car,2025
204.0,66.0,32.4,16.0,9.0,56.3,46.0,25.0,54.3,was,2017
226.0,83.0,36.7,15.0,9.0,60.0,57.0,29.0,50.9,was,2017
,,31.0,,,6.0,,,16.0,was,2017
,,9.0,,,25.0,,,13.0,was,2017
230.0,97.0,42.2%,19.0,10.0,52.6%,52.0,33.0,63.5%,pit,2020
222.0,83.0,37.4%,20.0,5.0,25.0%,45.0,25.0,55.6%,pit,2020
,,14,,,23,,,11,pit,2020
,,5,,,1,,,6,pit,2020
193.0,94.0,48.7%,12.0,9.0,75.0%,72.0,50.0,69.4%,kan,2022
222.0,85.0,38.3%,35.0,20.0,57.1%,55.0,37.0,67.3%,kan,2022
,,2,,,2,,,2,kan,2022
,,13,,,21,,,31,kan,2022
207.0,69.0,33.3%,25.0,15.0,60.0%,44.0,25.0,56.8%,den,2018
211.0,82.0,38.9%,11.0,6.0,54.5%,43.0,25.0,58.1%,den,2018
,,28,,,11,,,19,den,2018
,,17,,,14,,,15,den,2018
216.0,76.0,35.2%,27.0,15.0,55.6%,43.0,25.0,58.1%,nor,2024
224.0,92.0,41.1%,27.0,14.0,51.9%,54.0,30.0,55.6%,nor,2024
,,28,,,16,,,11,nor,2024
,,21,,,8,,,15,nor,2024
182.0,84.0,46.2%,16.0,10.0,62.5%,64.0,48.0,75.0%,oti,2020
214.0,111.0,51.9%,26.0,15.0,57.7%,65.0,45.0,69.2%,oti,2020
,,5,,,9,,,2,oti,2020
,,32,,,17,,,30,oti,2020
198.0,88.0,44.4%,14.0,9.0,64.3%,49.0,36.0,73.5%,pit,2018
197.0,72.0,36.5%,13.0,7.0,53.8%,49.0,29.0,59.2%,pit,2018
,,8,,,7,,,1,pit,2018
,,9,,,13,,,17,pit,2018
228.0,75.0,32.9%,26.0,12.0,46.2%,48.0,22.0,45.8%,clt,2022
224.0,85.0,37.9%,25.0,13.0,52.0%,53.0,36.0,67.9%,clt,2022
,,29,,,23,,,29,clt,2022
,,10,,,17,,,32,clt,2022
212.0,82.0,38.7%,15.0,4.0,26.7%,45.0,24.0,53.3%,den,2020
219.0,88.0,40.2%,14.0,7.0,50.0%,61.0,29.0,47.5%,den,2020
,,26,,,32,,,27,den,2020
,,15,,,12,,,1,den,2020
248.0,75.0,30.2%,37.0,18.0,48.6%,43.0,19.0,44.2%,nyg,2023
216.0,80.0,37.0%,19.0,10.0,52.6%,59.0,36.0,61.0%,nyg,2023
,,30,,,20,,,31,nyg,2023
,,9,,,19,,,25,nyg,2023
57.0,22.0,38.6,3.0,1.0,33.3,14.0,10.0,71.4,pit,2025
72.0,29.0,40.3,16.0,10.0,62.5,18.0,9.0,50.0,pit,2025
,,20.0,,,29.0,,,6.0,pit,2025
,,18.0,,,17.0,,,4.0,pit,2025
197.0,88.0,44.7%,13.0,4.0,30.8%,54.0,27.0,50.0%,atl,2017
196.0,75.0,38.3%,19.0,13.0,68.4%,48.0,22.0,45.8%,atl,2017
,,1,,,27,,,23,atl,2017
,,17,,,29,,,5,atl,2017
195.0,76.0,39.0%,27.0,15.0,55.6%,57.0,29.0,50.9%,car,2020
199.0,98.0,49.2%,10.0,6.0,60.0%,57.0,36.0,63.2%,car,2020
,,25,,,20,,,28,car,2020
,,31,,,21,,,21,car,2020
192.0,81.0,42.2%,13.0,5.0,38.5%,57.0,34.0,59.6%,nor,2019
210.0,73.0,34.8%,25.0,11.0,44.0%,47.0,28.0,59.6%,nor,2019
,,10,,,25,,,11,nor,2019
,,6,,,11,,,20,nor,2019
253.0,80.0,31.6%,32.0,18.0,56.3%,50.0,28.0,56.0%,cle,2023
230.0,67.0,29.1%,15.0,6.0,40.0%,42.0,30.0,71.4%,cle,2023
,,29,,,10,,,15,cle,2023
,,1,,,1,,,32,cle,2023
82.0,30.0,36.6,6.0,3.0,50.0,17.0,11.0,64.7,den,2025
81.0,22.0,27.2,5.0,1.0,20.0,14.0,4.0,28.6,den,2025
,,24.0,,,23.0,,,12.0,den,2025
,,1.0,,,1.0,,,1.0,den,2025
185.0,77.0,41.6%,19.0,9.0,47.4%,58.0,36.0,62.1%,car,2018
183.0,73.0,39.9%,17.0,10.0,58.8%,47.0,33.0,70.2%,car,2018
,,9,,,24,,,12,car,2018
,,19,,,20,,,27,car,2018
220.0,78.0,35.5%,21.0,11.0,52.4%,56.0,33.0,58.9%,nor,2021
240.0,89.0,37.1%,21.0,9.0,42.9%,46.0,20.0,43.5%,nor,2021
,,30,,,18,,,18,nor,2021
,,8,,,5,,,1,nor,2021
82.0,23.0,28.0,8.0,4.0,50.0,11.0,5.0,45.5,oti,2025
79.0,32.0,40.5,9.0,7.0,77.8,23.0,13.0,56.5,oti,2025
,,32.0,,,23.0,,,25.0,oti,2025
,,19.0,,,27.0,,,12.0,oti,2025
224.0,93.0,41.5%,40.0,21.0,52.5%,64.0,41.0,64.1%,det,2023
202.0,75.0,37.1%,26.0,15.0,57.7%,53.0,35.0,66.0%,det,2023
,,11,,,15,,,3,det,2023
,,12,,,27,,,29,det,2023
221.0,97.0,43.9%,26.0,15.0,57.7%,58.0,31.0,53.4%,atl,2020
195.0,80.0,41.0%,23.0,10.0,43.5%,56.0,36.0,64.3%,atl,2020
,,10,,,14,,,26,atl,2020
,,18,,,7,,,25,atl,2020
222.0,93.0,41.9,11.0,5.0,45.5,52.0,28.0,53.8,car,2017
206.0,78.0,37.9,20.0,7.0,35.0,44.0,21.0,47.7,car,2017
,,7.0,,,16.0,,,17.0,car,2017
,,13.0,,,10.0,,,8.0,car,2017
238.0,98.0,41.2%,26.0,13.0,50.0%,49.0,28.0,57.1%,chi,2023
222.0,98.0,44.1%,23.0,10.0,43.5%,45.0,31.0,68.9%,chi,2023
,,12,,,16,,,13,chi,2023
,,29,,,4,,,31,chi,2023
60.0,20.0,33.3,7.0,5.0,71.4,15.0,11.0,73.3,was,2025
80.0,30.0,37.5,10.0,5.0,50.0,20.0,11.0,55.0,was,2025
,,29.0,,,10.0,,,5.0,was,2025
,,11.0,,,8.0,,,10.0,was,2025
202.0,88.0,43.6%,22.0,13.0,59.1%,70.0,41.0,58.6%,gnb,2021
203.0,87.0,42.9%,33.0,15.0,45.5%,49.0,33.0,67.3%,gnb,2021
,,9,,,9,,,19,gnb,2021
,,23,,,7,,,30,gnb,2021
202.0,85.0,42.1%,25.0,11.0,44.0%,58.0,38.0,65.5%,mia,2023
216.0,84.0,38.9%,30.0,14.0,46.7%,54.0,35.0,64.8%,mia,2023
,,7,,,28,,,2,mia,2023
,,20,,,8,,,28,mia,2023
232.0,88.0,37.9%,21.0,8.0,38.1%,53.0,29.0,54.7%,htx,2023
227.0,81.0,35.7%,29.0,16.0,55.2%,54.0,28.0,51.9%,htx,2023
,,19,,,30,,,16,htx,2023
,,5,,,24,,,12,htx,2023
203.0,92.0,45.3%,19.0,10.0,52.6%,50.0,32.0,64.0%,atl,2018
195.0,95.0,48.7%,13.0,10.0,76.9%,54.0,38.0,70.4%,atl,2018
,,4,,,19,,,11,atl,2018
,,31,,,31,,,28,atl,2018
203.0,73.0,36.0%,14.0,7.0,50.0%,50.0,32.0,64.0%,gnb,2019
197.0,75.0,38.1%,18.0,8.0,44.4%,48.0,24.0,50.0%,gnb,2019
,,23,,,13,,,8,gnb,2019
,,15,,,12,,,6,gnb,2019
197.0,84.0,42.6%,16.0,8.0,50.0%,63.0,36.0,57.1%,sfo,2024
216.0,93.0,43.1%,26.0,17.0,65.4%,57.0,39.0,68.4%,sfo,2024
,,9,,,23,,,14,sfo,2024
,,24,,,25,,,31,sfo,2024
190.0,75.0,39.5%,16.0,8.0,50.0%,69.0,41.0,59.4%,gnb,2024
208.0,78.0,37.5%,30.0,18.0,60.0%,50.0,30.0,60.0%,gnb,2024
,,15,,,23,,,10,gnb,2024
,,12,,,20,,,20,gnb,2024
200.0,90.0,45.0%,12.0,7.0,58.3%,62.0,33.0,53.2%,sfo,2019
192.0,64.0,33.3%,25.0,8.0,32.0%,40.0,24.0,60.0%,sfo,2019
,,5,,,6,,,21,sfo,2019
,,2,,,3,,,22,sfo,2019
225.0,88.0,39.1%,19.0,11.0,57.9%,47.0,27.0,57.4%,was,2020
216.0,81.0,37.5%,24.0,9.0,37.5%,43.0,23.0,53.5%,was,2020
,,23,,,13,,,20,was,2020
,,6,,,2,,,4,was,2020
216.0,77.0,35.6%,23.0,14.0,60.9%,47.0,23.0,48.9%,rai,2023
227.0,94.0,41.4%,26.0,14.0,53.8%,48.0,30.0,62.5%,rai,2023
,,24,,,5,,,24,rai,2023
,,27,,,23,,,26,rai,2023
209.0,92.0,44.0,8.0,3.0,37.5,63.0,32.0,50.8,pit,2017
199.0,72.0,36.2,19.0,6.0,31.6,39.0,24.0,61.5,pit,2017
,,2.0,,,24.0,,,22.0,pit,2017
,,7.0,,,7.0,,,28.0,pit,2017
67.0,28.0,41.8%,9.0,4.0,44.4%,16.0,7.0,43.8%,atl,2025
53.0,17.0,32.1%,8.0,6.0,75.0%,9.0,6.0,66.7%,atl,2025
,,9,,,27,,,27,atl,2025
,,4,,,25,,,24,atl,2025
225.0,88.0,39.1%,34.0,15.0,44.1%,44.0,27.0,61.4%,crd,2023
205.0,97.0,47.3%,15.0,7.0,46.7%,71.0,43.0,60.6%,crd,2023
,,14,,,27,,,8,crd,2023
,,32,,,8,,,24,crd,2023
222.0,102.0,45.9%,32.0,22.0,68.8%,59.0,40.0,67.8%,phi,2022
223.0,86.0,38.6%,25.0,15.0,60.0%,55.0,29.0,52.7%,phi,2022
,,4,,,4,,,3,phi,2022
,,14,,,25,,,12,phi,2022
202.0,71.0,35.1,10.0,5.0,50.0,40.0,21.0,52.5,oti,2017
214.0,78.0,36.4,16.0,10.0,62.5,56.0,27.0,48.2,oti,2017
,,25.0,,,12.0,,,19.0,oti,2017
,,8.0,,,27.0,,,10.0,oti,2017
199.0,80.0,40.2%,20.0,10.0,50.0%,54.0,36.0,66.7%,sfo,2021
220.0,88.0,40.0%,25.0,11.0,44.0%,60.0,34.0,56.7%,sfo,2021
,,14,,,20,,,1,sfo,2021
,,17,,,6,,,15,sfo,2021
206.0,75.0,36.4%,18.0,10.0,55.6%,40.0,21.0,52.5%,was,2018
196.0,86.0,43.9%,13.0,5.0,38.5%,52.0,27.0,51.9%,was,2018
,,24,,,17,,,25,was,2018
,,29,,,3,,,9,was,2018
206.0,95.0,46.1%,12.0,3.0,25.0%,57.0,37.0,64.9%,cin,2022
212.0,84.0,39.6%,23.0,9.0,39.1%,50.0,26.0,52.0%,cin,2022
,,3,,,32,,,5,cin,2022
,,20,,,4,,,9,cin,2022
241.0,94.0,39.0,20.0,7.0,35.0,48.0,19.0,39.6,den,2017
209.0,66.0,31.6,21.0,7.0,33.3,41.0,24.0,58.5,den,2017
,,15.0,,,25.0,,,32.0,den,2017
,,2.0,,,8.0,,,23.0,den,2017
209.0,91.0,43.5%,17.0,11.0,64.7%,63.0,39.0,61.9%,nwe,2021
211.0,77.0,36.5%,32.0,17.0,53.1%,48.0,23.0,47.9%,nwe,2021
,,10,,,4,,,11,nwe,2021
,,5,,,15,,,2,nwe,2021
67.0,25.0,37.3,4.0,2.0,50.0,21.0,14.0,66.7,sea,2025
86.0,34.0,39.5,10.0,7.0,70.0,19.0,10.0,52.6,sea,2025
,,22.0,,,23.0,,,8.0,sea,2025
,,17.0,,,22.0,,,7.0,sea,2025
187.0,88.0,47.1%,24.0,17.0,70.8%,64.0,43.0,67.2%,rav,2019
194.0,72.0,37.1%,18.0,6.0,33.3%,44.0,21.0,47.7%,rav,2019
,,2,,,1,,,2,rav,2019
,,11,,,4,,,3,rav,2019
223.0,85.0,38.1%,29.0,17.0,58.6%,51.0,24.0,47.1%,min,2023
232.0,96.0,41.4%,25.0,18.0,72.0%,50.0,27.0,54.0%,min,2023
,,18,,,6,,,28,min,2023
,,26,,,32,,,14,min,2023
227.0,87.0,38.3%,15.0,6.0,40.0%,60.0,30.0,50.0%,nwe,2019
195.0,47.0,24.1%,22.0,8.0,36.4%,29.0,14.0,48.3%,nwe,2019
,,17,,,24,,,26,nwe,2019
,,1,,,6,,,4,nwe,2019
225.0,82.0,36.4%,27.0,18.0,66.7%,55.0,34.0,61.8%,rav,2021
201.0,70.0,34.8%,18.0,11.0,61.1%,50.0,27.0,54.0%,rav,2021
,,25,,,1,,,12,rav,2021
,,3,,,23,,,12,rav,2021
257.0,112.0,43.6%,29.0,15.0,51.7%,62.0,33.0,53.2%,sdg,2022
199.0,78.0,39.2%,15.0,6.0,40.0%,48.0,25.0,52.1%,sdg,2022
,,8,,,16,,,20,sdg,2022
,,17,,,6,,,11,sdg,2022
240.0,83.0,34.6%,28.0,11.0,39.3%,46.0,20.0,43.5%,nyj,2022
244.0,93.0,38.1%,26.0,11.0,42.3%,46.0,22.0,47.8%,nyj,2022
,,28,,,27,,,31,nyj,2022
,,11,,,11,,,4,nyj,2022
189.0,76.0,40.2%,14.0,8.0,57.1%,56.0,41.0,73.2%,sea,2020
223.0,105.0,47.1%,23.0,10.0,43.5%,56.0,35.0,62.5%,sea,2020
,,20,,,15,,,4,sea,2020
,,27,,,7,,,19,sea,2020
215.0,75.0,34.9%,24.0,14.0,58.3%,47.0,22.0,46.8%,nwe,2024
215.0,93.0,43.3%,21.0,11.0,52.4%,57.0,36.0,63.2%,nwe,2024
,,29,,,14,,,30,nwe,2024
,,26,,,10,,,25,nwe,2024
230.0,111.0,48.3%,23.0,13.0,56.5%,71.0,40.0,56.3%,dal,2023
211.0,79.0,37.4%,37.0,19.0,51.4%,48.0,27.0,56.3%,dal,2023
,,2,,,9,,,14,dal,2023
,,14,,,18,,,19,dal,2023
191.0,92.0,48.2%,15.0,8.0,53.3%,66.0,49.0,74.2%,rav,2024
226.0,90.0,39.8%,28.0,12.0,42.9%,50.0,27.0,54.0%,rav,2024
,,3,,,20,,,1,rav,2024
,,18,,,3,,,12,rav,2024
246.0,92.0,37.4%,27.0,15.0,55.6%,50.0,26.0,52.0%,tam,2022
236.0,87.0,36.9%,24.0,14.0,58.3%,48.0,30.0,62.5%,tam,2022
,,21,,,7,,,22,tam,2022
,,6,,,24,,,26,tam,2022
208.0,81.0,38.9%,14.0,11.0,78.6%,55.0,36.0,65.5%,sea,2018
183.0,64.0,35.0%,13.0,6.0,46.2%,51.0,25.0,49.0%,sea,2018
,,17,,,4,,,8,sea,2018
,,5,,,6,,,4,sea,2018
205.0,90.0,43.9%,19.0,10.0,52.6%,70.0,42.0,60.0%,ram,2021
223.0,92.0,41.3%,32.0,17.0,53.1%,56.0,29.0,51.8%,ram,2021
,,7,,,17,,,14,ram,2021
,,21,,,15,,,8,ram,2021
215.0,90.0,41.9%,27.0,14.0,51.9%,58.0,31.0,53.4%,jax,2022
220.0,95.0,43.2%,31.0,10.0,32.3%,52.0,31.0,59.6%,jax,2022
,,9,,,15,,,19,jax,2022
,,29,,,1,,,24,jax,2022
212.0,79.0,37.3,9.0,5.0,55.6,45.0,25.0,55.6,sea,2017
223.0,85.0,38.1,15.0,7.0,46.7,42.0,20.0,47.6,sea,2017
,,21.0,,,7.0,,,13.0,sea,2017
,,15.0,,,17.0,,,7.0,sea,2017
219.0,109.0,49.8%,16.0,9.0,56.3%,65.0,41.0,63.1%,buf,2023
215.0,83.0,38.6%,19.0,10.0,52.6%,48.0,27.0,56.3%,buf,2023
,,1,,,10,,,6,buf,2023
,,19,,,19,,,19,buf,2023
208.0,83.0,39.9%,13.0,3.0,23.1%,59.0,38.0,64.4%,ram,2019
218.0,86.0,39.4%,24.0,14.0,58.3%,52.0,33.0,63.5%,ram,2019
,,15,,,31,,,5,ram,2019
,,18,,,24,,,28,ram,2019
201.0,74.0,36.8%,24.0,16.0,66.7%,63.0,33.0,52.4%,ram,2024
204.0,83.0,40.7%,17.0,9.0,52.9%,56.0,28.0,50.0%,ram,2024
,,24,,,7,,,25,ram,2024
,,20,,,12,,,5,ram,2024
204.0,76.0,37.3%,26.0,14.0,53.8%,50.0,29.0,58.0%,jax,2024
225.0,97.0,43.1%,24.0,14.0,58.3%,59.0,35.0,59.3%,jax,2024
,,22,,,19,,,12,jax,2024
,,25,,,17,,,19,jax,2024
216.0,94.0,43.5,7.0,1.0,14.3,57.0,33.0,57.9,min,2017
202.0,51.0,25.2,23.0,9.0,39.1,40.0,16.0,40.0,min,2017
,,3.0,,,30.0,,,9.0,min,2017
,,1.0,,,12.0,,,3.0,min,2017
68.0,28.0,41.2,5.0,3.0,60.0,25.0,16.0,64.0,buf,2025
71.0,29.0,40.8,7.0,4.0,57.1,18.0,10.0,55.6,buf,2025
,,13.0,,,17.0,,,13.0,buf,2025
,,22.0,,,14.0,,,11.0,buf,2025
215.0,68.0,31.6%,18.0,7.0,38.9%,37.0,22.0,59.5%,buf,2018
203.0,74.0,36.5%,11.0,6.0,54.5%,48.0,34.0,70.8%,buf,2018
,,30,,,31,,,16,buf,2018
,,8,,,14,,,30,buf,2018
212.0,76.0,35.8%,31.0,18.0,58.1%,39.0,20.0,51.3%,jax,2021
221.0,95.0,43.0%,21.0,14.0,66.7%,61.0,38.0,62.3%,jax,2021
,,28,,,12,,,28,jax,2021
,,25,,,31,,,23,jax,2021
211.0,83.0,39.3%,19.0,15.0,78.9%,45.0,25.0,55.6%,ram,2022
208.0,84.0,40.4%,20.0,13.0,65.0%,54.0,24.0,44.4%,ram,2022
,,18,,,1,,,14,ram,2022
,,22,,,31,,,1,ram,2022
203.0,87.0,42.9,19.0,10.0,52.6,52.0,31.0,59.6,dal,2017
210.0,90.0,42.9,13.0,4.0,30.8,49.0,28.0,57.1,dal,2017
,,5.0,,,10.0,,,6.0,dal,2017
,,29.0,,,6.0,,,22.0,dal,2017
187.0,93.0,49.7%,10.0,8.0,80.0%,68.0,42.0,61.8%,buf,2020
191.0,76.0,39.8%,19.0,11.0,57.9%,58.0,38.0,65.5%,buf,2020
,,1,,,1,,,13,buf,2020
,,13,,,18,,,28,buf,2020
220.0,76.0,34.5%,25.0,12.0,48.0%,47.0,19.0,40.4%,jax,2019
190.0,79.0,41.6%,11.0,5.0,45.5%,56.0,32.0,57.1%,jax,2019
,,26,,,17,,,31,jax,2019
,,23,,,13,,,16,jax,2019
215.0,89.0,41.4%,21.0,12.0,57.1%,50.0,24.0,48.0%,dal,2018
201.0,85.0,42.3%,14.0,6.0,42.9%,49.0,25.0,51.0%,dal,2018
,,10,,,16,,,29,dal,2018
,,27,,,5,,,7,dal,2018
58.0,18.0,31.0,6.0,4.0,66.7,15.0,10.0,66.7,min,2025
63.0,19.0,30.2,5.0,3.0,60.0,16.0,8.0,50.0,min,2025
,,30.0,,,11.0,,,8.0,min,2025
,,2.0,,,16.0,,,4.0,min,2025
207.0,75.0,36.2%,16.0,6.0,37.5%,54.0,26.0,48.1%,sea,2023
231.0,107.0,46.3%,26.0,13.0,50.0%,57.0,34.0,59.6%,sea,2023
,,23,,,31,,,25,sea,2023
,,30,,,15,,,23,sea,2023
217.0,90.0,41.5%,17.0,9.0,52.9%,54.0,35.0,64.8%,tam,2019
218.0,75.0,34.4%,27.0,13.0,48.1%,60.0,30.0,50.0%,tam,2019
,,13,,,11,,,4,tam,2019
,,5,,,18,,,6,tam,2019
221.0,89.0,40.3%,16.0,10.0,62.5%,50.0,28.0,56.0%,sdg,2024
224.0,80.0,35.7%,29.0,18.0,62.1%,40.0,18.0,45.0%,sdg,2024
,,11,,,10,,,18,sdg,2024
,,5,,,22,,,1,sdg,2024
241.0,101.0,41.9,15.0,2.0,13.3,44.0,23.0,52.3,buf,2017
214.0,82.0,38.3,20.0,11.0,55.0,57.0,30.0,52.6,buf,2017
,,6.0,,,31.0,,,21.0,buf,2017
,,18.0,,,24.0,,,15.0,buf,2017
210.0,83.0,39.5%,24.0,10.0,41.7%,55.0,30.0,54.5%,nyj,2024
215.0,83.0,38.6%,21.0,16.0,76.2%,63.0,37.0,58.7%,nyj,2024
,,14,,,29,,,21,nyj,2024
,,16,,,30,,,17,nyj,2024
215.0,87.0,40.5%,31.0,17.0,54.8%,54.0,27.0,50.0%,dal,2020
209.0,98.0,46.9%,21.0,10.0,47.6%,55.0,34.0,61.8%,dal,2020
,,19,,,21,,,29,dal,2020
,,26,,,11,,,17,dal,2020
223.0,105.0,47.1%,16.0,9.0,56.3%,68.0,45.0,66.2%,tam,2021
226.0,87.0,38.5%,28.0,13.0,46.4%,59.0,31.0,52.5%,tam,2021
,,2,,,14,,,2,tam,2021
,,12,,,9,,,10,tam,2021
215.0,75.0,34.9%,13.0,5.0,38.5%,45.0,19.0,42.2%,nwe,2022
241.0,97.0,40.2%,27.0,10.0,37.0%,50.0,29.0,58.0%,nwe,2022
,,27,,,29,,,32,nwe,2022
,,21,,,2,,,22,nwe,2022
212.0,65.0,30.7%,19.0,7.0,36.8%,33.0,18.0,54.5%,nyj,2019
225.0,88.0,39.1%,12.0,3.0,25.0%,48.0,26.0,54.2%,nyj,2019
,,31,,,27,,,19,nyj,2019
,,17,,,2,,,12,nyj,2019
181.0,74.0,40.9%,23.0,13.0,56.5%,59.0,42.0,71.2%,min,2020
185.0,73.0,39.5%,24.0,17.0,70.8%,58.0,34.0,58.6%,min,2020
,,16,,,17,,,6,min,2020
,,10,,,30,,,11,min,2020
194.0,86.0,44.3%,18.0,10.0,55.6%,53.0,28.0,52.8%,sdg,2019
195.0,88.0,45.1%,13.0,8.0,61.5%,40.0,24.0,60.0%,sdg,2019
,,6,,,9,,,22,sdg,2019
,,29,,,28,,,22,sdg,2019
218.0,91.0,41.7%,20.0,8.0,40.0%,59.0,27.0,45.8%,rav,2022
209.0,73.0,34.9%,24.0,15.0,62.5%,56.0,26.0,46.4%,rav,2022
,,11,,,26,,,30,rav,2022
,,4,,,28,,,3,rav,2022
216.0,110.0,50.9%,14.0,9.0,64.3%,69.0,46.0,66.7%,tam,2024
210.0,80.0,38.1%,30.0,19.0,63.3%,57.0,31.0,54.4%,tam,2024
,,1,,,9,,,4,tam,2024
,,14,,,23,,,14,tam,2024
204.0,73.0,35.8%,21.0,9.0,42.9%,50.0,27.0,54.0%,min,2018
190.0,58.0,30.5%,19.0,9.0,47.4%,49.0,22.0,44.9%,min,2018
,,26,,,28,,,21,min,2018
,,1,,,8,,,3,min,2018
72.0,31.0,43.1,8.0,6.0,75.0,23.0,15.0,65.2,dal,2025
79.0,42.0,53.2,8.0,5.0,62.5,24.0,15.0,62.5,dal,2025
,,8.0,,,7.0,,,11.0,dal,2025
,,32.0,,,17.0,,,21.0,dal,2025
212.0,77.0,36.3%,29.0,14.0,48.3%,51.0,28.0,54.9%,nyj,2021
223.0,99.0,44.4%,21.0,13.0,61.9%,74.0,45.0,60.8%,nyj,2021
,,27,,,23,,,21,nyj,2021
,,27,,,27,,,21,nyj,2021
221.0,100.0,45.2%,34.0,22.0,64.7%,75.0,48.0,64.0%,sdg,2021
216.0,107.0,49.5%,22.0,7.0,31.8%,67.0,43.0,64.2%,sdg,2021
,,5,,,4,,,4,sdg,2021
,,32,,,1,,,26,sdg,2021
198.0,91.0,46.0%,21.0,16.0,76.2%,59.0,32.0,54.2%,rai,2020
205.0,100.0,48.8%,17.0,14.0,82.4%,68.0,42.0,61.8%,rai,2020
,,6,,,3,,,23,rai,2020
,,30,,,32,,,16,rai,2020
216.0,77.0,35.6%,29.0,16.0,55.2%,49.0,31.0,63.3%,was,2023
226.0,94.0,41.6%,21.0,13.0,61.9%,60.0,34.0,56.7%,was,2023
,,24,,,12,,,5,was,2023
,,28,,,29,,,21,was,2023
65.0,28.0,43.1,6.0,2.0,33.3,14.0,8.0,57.1,chi,2025
49.0,15.0,30.6,6.0,4.0,66.7,18.0,12.0,66.7,chi,2025
,,7.0,,,29.0,,,18.0,chi,2025
,,3.0,,,19.0,,,24.0,chi,2025
221.0,101.0,45.7%,24.0,11.0,45.8%,61.0,38.0,62.3%,phi,2021
217.0,93.0,42.9%,29.0,14.0,48.3%,60.0,40.0,66.7%,phi,2021
,,4,,,25,,,8,phi,2021
,,23,,,11,,,28,phi,2021
202.0,80.0,39.6%,25.0,17.0,68.0%,58.0,38.0,65.5%,crd,2020
202.0,80.0,39.6%,21.0,14.0,66.7%,56.0,29.0,51.8%,crd,2020
,,21,,,6,,,10,crd,2020
,,12,,,27,,,3,crd,2020
72.0,29.0,40.3,11.0,7.0,63.6,27.0,20.0,74.1,det,2025
69.0,28.0,40.6,8.0,4.0,50.0,21.0,14.0,66.7,det,2025
,,17.0,,,15.0,,,4.0,det,2025
,,20.0,,,8.0,,,24.0,det,2025
222.0,80.0,36.0%,26.0,13.0,50.0%,48.0,21.0,43.8%,cin,2019
209.0,89.0,42.6%,10.0,5.0,50.0%,51.0,25.0,49.0%,cin,2019
,,22,,,13,,,30,cin,2019
,,25,,,19,,,5,cin,2019
197.0,73.0,37.1%,16.0,7.0,43.8%,43.0,23.0,53.5%,rai,2018
201.0,93.0,46.3%,12.0,8.0,66.7%,62.0,37.0,59.7%,rai,2018
,,19,,,27,,,22,rai,2018
,,30,,,28,,,18,rai,2018
60.0,21.0,35.0,7.0,6.0,85.7,11.0,6.0,54.5,htx,2025
61.0,22.0,36.1,4.0,2.0,50.0,11.0,7.0,63.6,htx,2025
,,26.0,,,2.0,,,21.0,htx,2025
,,8.0,,,8.0,,,22.0,htx,2025
71.0,33.0,46.5,7.0,4.0,57.1,16.0,12.0,75.0,mia,2025
73.0,35.0,47.9,9.0,8.0,88.9,28.0,14.0,50.0,mia,2025
,,3.0,,,21.0,,,3.0,mia,2025
,,30.0,,,30.0,,,4.0,mia,2025
211.0,95.0,45.0%,17.0,7.0,41.2%,63.0,34.0,54.0%,sfo,2022
218.0,85.0,39.0%,25.0,10.0,40.0%,37.0,21.0,56.8%,sfo,2022
,,6,,,25,,,17,sfo,2022
,,16,,,6,,,20,sfo,2022
229.0,104.0,45.4%,24.0,8.0,33.3%,54.0,36.0,66.7%,phi,2019
205.0,70.0,34.1%,18.0,11.0,61.1%,43.0,24.0,55.8%,phi,2019
,,4,,,28,,,3,phi,2019
,,4,,,27,,,14,phi,2019
227.0,74.0,32.6,21.0,8.0,38.1,39.0,19.0,48.7,nyg,2017
222.0,88.0,39.6,17.0,5.0,29.4,53.0,29.0,54.7,nyg,2017
,,30.0,,,23.0,,,25.0,nyg,2017
,,22.0,,,4.0,,,17.0,nyg,2017
199.0,58.0,29.1%,16.0,6.0,37.5%,28.0,18.0,64.3%,crd,2018
205.0,78.0,38.0%,13.0,8.0,61.5%,53.0,33.0,62.3%,crd,2018
,,32,,,32,,,9,crd,2018
,,15,,,24,,,22,crd,2018
207.0,82.0,39.6%,20.0,13.0,65.0%,52.0,31.0,59.6%,cin,2021
221.0,92.0,41.6%,18.0,7.0,38.9%,53.0,32.0,60.4%,cin,2021
,,16,,,3,,,16,cin,2021
,,22,,,2,,,19,cin,2021
82.0,36.0,43.9,5.0,4.0,80.0,23.0,13.0,56.5,crd,2025
75.0,27.0,36.0,10.0,5.0,50.0,21.0,12.0,57.1,crd,2025
,,6.0,,,4.0,,,19.0,crd,2025
,,7.0,,,8.0,,,13.0,crd,2025
192.0,79.0,41.1%,20.0,10.0,50.0%,53.0,35.0,66.0%,det,2020
193.0,91.0,47.2%,18.0,11.0,61.1%,65.0,47.0,72.3%,det,2020
,,15,,,24,,,9,det,2020
,,28,,,22,,,31,det,2020
235.0,98.0,41.7%,27.0,19.0,70.4%,68.0,39.0,57.4%,phi,2024
211.0,75.0,35.5%,30.0,19.0,63.3%,48.0,24.0,50.0%,phi,2024
,,10,,,4,,,13,phi,2024
,,3,,,23,,,5,phi,2024
200.0,79.0,39.5%,31.0,12.0,38.7%,54.0,28.0,51.9%,gnb,2022
194.0,73.0,37.6%,19.0,11.0,57.9%,54.0,29.0,53.7%,gnb,2022
,,17,,,28,,,24,gnb,2022
,,8,,,23,,,13,gnb,2022
205.0,71.0,34.6%,28.0,17.0,60.7%,55.0,31.0,56.4%,chi,2020
210.0,80.0,38.1%,22.0,13.0,59.1%,53.0,29.0,54.7%,chi,2020
,,31,,,12,,,22,chi,2020
,,8,,,20,,,5,chi,2020
225.0,90.0,40.0%,19.0,8.0,42.1%,47.0,22.0,46.8%,atl,2023
228.0,77.0,33.8%,23.0,11.0,47.8%,53.0,24.0,45.3%,atl,2023
,,13,,,29,,,29,atl,2023
,,3,,,13,,,4,atl,2023
208.0,77.0,37.0%,12.0,8.0,66.7%,60.0,30.0,50.0%,htx,2018
227.0,91.0,40.1%,20.0,12.0,60.0%,41.0,29.0,70.7%,htx,2018
,,20,,,6,,,27,htx,2018
,,20,,,22,,,29,htx,2018
186.0,56.0,30.1%,13.0,8.0,61.5%,31.0,16.0,51.6%,mia,2018
196.0,84.0,42.9%,15.0,6.0,40.0%,61.0,37.0,60.7%,mia,2018
,,31,,,8,,,26,mia,2018
,,28,,,4,,,19,mia,2018
80.0,33.0,41.3,10.0,5.0,50.0,18.0,7.0,38.9,rai,2025
74.0,31.0,41.9,6.0,5.0,83.3,21.0,12.0,57.1,rai,2025
,,12.0,,,23.0,,,31.0,rai,2025
,,25.0,,,29.0,,,13.0,rai,2025
214.0,100.0,46.7%,19.0,10.0,52.6%,61.0,39.0,63.9%,cin,2024
207.0,87.0,42.0%,27.0,16.0,59.3%,53.0,36.0,67.9%,cin,2024
,,5,,,21,,,5,cin,2024
,,23,,,19,,,30,cin,2024
208.0,75.0,36.1%,18.0,11.0,61.1%,49.0,26.0,53.1%,det,2018
186.0,69.0,37.1%,17.0,9.0,52.9%,47.0,27.0,57.4%,det,2018
,,25,,,9,,,24,det,2018
,,11,,,12,,,13,det,2018
216.0,73.0,33.8,23.0,12.0,52.2,39.0,19.0,48.7,cle,2017
224.0,91.0,40.6,10.0,5.0,50.0,46.0,31.0,67.4,cle,2017
,,28.0,,,11.0,,,25.0,cle,2017
,,24.0,,,19.0,,,32.0,cle,2017
200.0,82.0,41.0%,15.0,9.0,60.0%,54.0,36.0,66.7%,chi,2018
219.0,75.0,34.2%,28.0,16.0,57.1%,40.0,20.0,50.0%,chi,2018
,,11,,,11,,,6,chi,2018
,,4,,,18,,,5,chi,2018
202.0,78.0,38.6%,10.0,8.0,80.0%,60.0,35.0,58.3%,mia,2020
186.0,58.0,31.2%,26.0,12.0,46.2%,47.0,27.0,57.4%,mia,2020
,,27,,,1,,,17,mia,2020
,,1,,,10,,,7,mia,2020
193.0,83.0,43.0%,16.0,9.0,56.3%,50.0,27.0,54.0%,htx,2020
202.0,96.0,47.5%,21.0,11.0,52.4%,63.0,40.0,63.5%,htx,2020
,,13,,,18,,,25,htx,2020
,,29,,,13,,,22,htx,2020
229.0,111.0,48.5%,17.0,12.0,70.6%,65.0,35.0,53.8%,kan,2024
215.0,93.0,43.3%,23.0,12.0,52.2%,54.0,28.0,51.9%,kan,2024
,,2,,,3,,,22,kan,2024
,,26,,,9,,,8,kan,2024
209.0,81.0,38.8,9.0,1.0,11.1,46.0,26.0,56.5,det,2017
194.0,74.0,38.1,15.0,8.0,53.3,55.0,34.0,61.8,det,2017
,,17.0,,,32.0,,,11.0,det,2017
,,16.0,,,22.0,,,29.0,det,2017
208.0,73.0,35.1%,21.0,9.0,42.9%,48.0,32.0,66.7%,cle,2018
210.0,75.0,35.7%,20.0,13.0,65.0%,54.0,33.0,61.1%,cle,2018
,,27,,,28,,,6,cle,2018
,,7,,,27,,,21,cle,2018
205.0,71.0,34.6,18.0,7.0,38.9,33.0,20.0,60.6,chi,2017
219.0,86.0,39.3,11.0,6.0,54.5,49.0,24.0,49.0,chi,2017
,,26.0,,,22.0,,,4.0,chi,2017
,,20.0,,,23.0,,,12.0,chi,2017
249.0,85.0,34.1%,48.0,23.0,47.9%,36.0,18.0,50.0%,car,2023
221.0,84.0,38.0%,10.0,7.0,70.0%,57.0,36.0,63.2%,car,2023
,,27,,,21,,,21,car,2023
,,15,,,31,,,27,car,2023
81.0,32.0,39.5,14.0,6.0,42.9,22.0,9.0,40.9,nyg,2025
76.0,30.0,39.5,4.0,4.0,100.0,17.0,10.0,58.8,nyg,2025
,,18.0,,,28.0,,,30.0,nyg,2025
,,16.0,,,31.0,,,16.0,nyg,2025
196.0,88.0,44.9%,24.0,8.0,33.3%,53.0,39.0,73.6%,cle,2020
205.0,90.0,43.9%,27.0,22.0,81.5%,61.0,37.0,60.7%,cle,2020
,,7,,,30,,,3,cle,2020
,,23,,,31,,,14,cle,2020
219.0,88.0,40.2%,11.0,4.0,36.4%,48.0,25.0,52.1%,nor,2022
233.0,97.0,41.6%,19.0,8.0,42.1%,44.0,22.0,50.0%,nor,2022
,,15,,,30,,,21,nor,2022
,,24,,,10,,,6,nor,2022
219.0,83.0,37.9%,28.0,17.0,60.7%,52.0,28.0,53.8%,clt,2024
234.0,104.0,44.4%,21.0,11.0,52.4%,61.0,37.0,60.7%,clt,2024
,,18,,,12,,,22,clt,2024
,,30,,,10,,,23,clt,2024
209.0,76.0,36.4,10.0,5.0,50.0,42.0,22.0,52.4,htx,2017
201.0,71.0,35.3,8.0,5.0,62.5,54.0,33.0,61.1,htx,2017
,,22.0,,,12.0,,,20.0,htx,2017
,,5.0,,,27.0,,,27.0,htx,2017
202.0,64.0,31.7,24.0,7.0,29.2,38.0,20.0,52.6,mia,2017
203.0,75.0,36.9,8.0,2.0,25.0,51.0,32.0,62.7,mia,2017
,,32.0,,,29.0,,,18.0,mia,2017
,,11.0,,,3.0,,,30.0,mia,2017
204.0,82.0,40.2,24.0,8.0,33.3,34.0,20.0,58.8,rai,2017
215.0,88.0,40.9,10.0,7.0,70.0,48.0,23.0,47.9,rai,2017
,,11.0,,,26.0,,,7.0,rai,2017
,,26.0,,,30.0,,,9.0,rai,2017
207.0,86.0,41.5%,24.0,14.0,58.3%,56.0,36.0,64.3%,clt,2019
199.0,85.0,42.7%,19.0,8.0,42.1%,50.0,26.0,52.0%,clt,2019
,,12,,,6,,,6,clt,2019
,,27,,,9,,,11,clt,2019
232.0,85.0,36.6%,19.0,9.0,47.4%,42.0,20.0,47.6%,pit,2023
233.0,91.0,39.1%,18.0,8.0,44.4%,50.0,23.0,46.0%,pit,2023
,,22,,,22,,,27,pit,2023
,,21,,,6,,,5,pit,2023
206.0,76.0,36.9%,20.0,12.0,60.0%,54.0,27.0,50.0%,nyg,2018
206.0,87.0,42.2%,17.0,14.0,82.4%,58.0,33.0,56.9%,nyg,2018
,,22,,,11,,,27,nyg,2018
,,26,,,32,,,12,nyg,2018
233.0,82.0,35.2,16.0,7.0,43.8,48.0,20.0,41.7,crd,2017
224.0,80.0,35.7,16.0,7.0,43.8,46.0,27.0,58.7,crd,2017
,,24.0,,,19.0,,,30.0,crd,2017
,,6.0,,,14.0,,,24.0,crd,2017
205.0,107.0,52.2%,15.0,10.0,66.7%,69.0,41.0,59.4%,kan,2021
199.0,80.0,40.2%,31.0,19.0,61.3%,56.0,32.0,57.1%,kan,2021
,,1,,,1,,,17,kan,2021
,,18,,,25,,,16,kan,2021
210.0,86.0,41.0%,29.0,18.0,62.1%,64.0,36.0,56.3%,clt,2021
210.0,85.0,40.5%,21.0,12.0,57.1%,53.0,34.0,64.2%,clt,2021
,,12,,,8,,,20,clt,2021
,,19,,,18,,,25,clt,2021
212.0,71.0,33.5%,20.0,11.0,55.0%,48.0,23.0,47.9%,oti,2023
231.0,89.0,38.5%,21.0,12.0,57.1%,61.0,23.0,37.7%,oti,2023
,,28,,,13,,,26,oti,2023
,,17,,,26,,,1,oti,2023
93.0,32.0,34.4,16.0,10.0,62.5,15.0,8.0,53.3,cle,2025
80.0,34.0,42.5,2.0,1.0,50.0,15.0,12.0,80.0,cle,2025
,,28.0,,,16.0,,,22.0,cle,2025
,,27.0,,,8.0,,,32.0,cle,2025
198.0,72.0,36.4%,22.0,14.0,63.6%,41.0,19.0,46.3%,nyg,2020
204.0,91.0,44.6%,18.0,11.0,61.1%,59.0,30.0,50.8%,nyg,2020
,,29,,,7,,,31,nyg,2020
,,25,,,22,,,2,nyg,2020
220.0,81.0,36.8%,20.0,13.0,65.0%,58.0,30.0,51.7%,den,2023
202.0,67.0,33.2%,34.0,16.0,47.1%,59.0,34.0,57.6%,den,2023
,,21,,,3,,,19,den,2023
,,2,,,12,,,22,den,2023
187.0,89.0,47.6%,10.0,6.0,60.0%,50.0,27.0,54.0%,kan,2019
202.0,75.0,37.1%,31.0,16.0,51.6%,57.0,29.0,50.9%,kan,2019
,,1,,,5,,,20,kan,2019
,,12,,,20,,,9,kan,2019
191.0,83.0,43.5%,14.0,8.0,57.1%,61.0,42.0,68.9%,tam,2020
205.0,82.0,40.0%,25.0,14.0,56.0%,51.0,32.0,62.7%,tam,2020
,,11,,,15,,,7,tam,2020
,,14,,,15,,,20,tam,2020
76.0,23.0,30.3,15.0,8.0,53.3,13.0,8.0,61.5,nyj,2025
77.0,28.0,36.4,4.0,4.0,100.0,22.0,13.0,59.1,nyj,2025
,,31.0,,,22.0,,,16.0,nyj,2025
,,9.0,,,31.0,,,18.0,nyj,2025
228.0,99.0,43.4%,24.0,14.0,58.3%,65.0,41.0,63.1%,dal,2021
223.0,76.0,34.1%,26.0,16.0,61.5%,47.0,28.0,59.6%,dal,2021
,,11,,,11,,,6,dal,2021
,,2,,,26,,,18,dal,2021
84.0,38.0,45.2,6.0,4.0,66.7,20.0,7.0,35.0,sdg,2025
78.0,30.0,38.5,9.0,6.0,66.7,21.0,9.0,42.9,sdg,2025
,,5.0,,,11.0,,,32.0,sdg,2025
,,13.0,,,19.0,,,2.0,sdg,2025
201.0,76.0,37.8%,21.0,12.0,57.1%,55.0,26.0,47.3%,sea,2022
227.0,96.0,42.3%,28.0,11.0,39.3%,52.0,31.0,59.6%,sea,2022
,,20,,,5,,,28,sea,2022
,,27,,,5,,,24,sea,2022
227.0,85.0,37.4,13.0,10.0,76.9,50.0,32.0,64.0,jax,2017
220.0,74.0,33.6,13.0,6.0,46.2,28.0,11.0,39.3,jax,2017
,,20.0,,,2.0,,,2.0,jax,2017
,,4.0,,,16.0,,,2.0,jax,2017
187.0,86.0,46.0%,13.0,9.0,69.2%,60.0,36.0,60.0%,tam,2018
181.0,73.0,40.3%,14.0,7.0,50.0%,58.0,45.0,77.6%,tam,2018
,,3,,,5,,,14,tam,2018
,,22,,,10,,,32,tam,2018
204.0,96.0,47.1%,16.0,7.0,43.8%,54.0,31.0,57.4%,dal,2019
201.0,67.0,33.3%,22.0,10.0,45.5%,57.0,29.0,50.9%,dal,2019
,,2,,,21,,,15,dal,2019
,,2,,,13,,,9,dal,2019
200.0,80.0,40.0%,13.0,6.0,46.2%,61.0,34.0,55.7%,min,2024
219.0,78.0,35.6%,35.0,13.0,37.1%,49.0,29.0,59.2%,min,2024
,,12,,,27,,,19,min,2024
,,4,,,1,,,18,min,2024
224.0,99.0,44.2%,25.0,12.0,48.0%,56.0,32.0,57.1%,sdg,2020
204.0,89.0,43.6%,15.0,10.0,66.7%,55.0,32.0,58.2%,sdg,2020
,,9,,,25,,,21,sdg,2020
,,22,,,27,,,10,sdg,2020
194.0,83.0,42.8%,15.0,8.0,53.3%,56.0,34.0,60.7%,min,2019
214.0,85.0,39.7%,29.0,16.0,55.2%,48.0,21.0,43.8%,min,2019
,,9,,,10,,,10,min,2019
,,19,,,21,,,2,min,2019
228.0,84.0,36.8%,28.0,10.0,35.7%,50.0,23.0,46.0%,dal,2024
205.0,75.0,36.6%,25.0,17.0,68.0%,56.0,42.0,75.0%,dal,2024
,,23,,,32,,,31,dal,2024
,,9,,,28,,,32,dal,2024
206.0,70.0,34.0%,18.0,7.0,38.9%,38.0,16.0,42.1%,nyj,2020
202.0,90.0,44.6%,12.0,5.0,41.7%,60.0,36.0,60.0%,nyj,2020
,,32,,,29,,,32,nyj,2020
,,24,,,4,,,13,nyj,2020
73.0,30.0,41.1,5.0,3.0,60.0,19.0,10.0,52.6,tam,2025
74.0,29.0,39.2,12.0,5.0,41.7,16.0,11.0,68.8,tam,2025
,,14.0,,,17.0,,,23.0,tam,2025
,,15.0,,,6.0,,,28.0,tam,2025
207.0,87.0,42.0%,14.0,8.0,57.1%,68.0,42.0,61.8%,rav,2023
250.0,91.0,36.4%,32.0,13.0,40.6%,49.0,20.0,40.8%,rav,2023
,,9,,,8,,,7,rav,2023
,,7,,,2,,,2,rav,2023
177.0,70.0,39.5%,8.0,7.0,87.5%,53.0,34.0,64.2%,sdg,2018
202.0,79.0,39.1%,20.0,11.0,55.0%,50.0,25.0,50.0%,sdg,2018
,,16,,,1,,,10,sdg,2018
,,18,,,16,,,5,sdg,2018
214.0,69.0,32.2%,22.0,11.0,50.0%,45.0,20.0,44.4%,nyj,2018
213.0,72.0,33.8%,14.0,9.0,64.3%,59.0,31.0,52.5%,nyj,2018
,,29,,,20,,,30,nyj,2018
,,2,,,25,,,10,nyj,2018
228.0,83.0,36.4%,22.0,12.0,54.5%,53.0,33.0,62.3%,min,2021
214.0,78.0,36.4%,30.0,15.0,50.0%,59.0,33.0,55.9%,min,2021
,,26,,,15,,,9,min,2021
,,4,,,12,,,14,min,2021
222.0,67.0,30.2%,25.0,9.0,36.0%,36.0,21.0,58.3%,nwe,2023
237.0,86.0,36.3%,19.0,10.0,52.6%,52.0,24.0,46.2%,nwe,2023
,,31,,,32,,,11,nwe,2023
,,6,,,19,,,6,nwe,2023
209.0,84.0,40.2,11.0,5.0,45.5,47.0,22.0,46.8,sdg,2017
221.0,86.0,38.9,20.0,6.0,30.0,36.0,13.0,36.1,sdg,2017
,,12.0,,,16.0,,,28.0,sdg,2017
,,19.0,,,5.0,,,1.0,sdg,2017
228.0,81.0,35.5,13.0,7.0,53.8,33.0,18.0,54.5,nyj,2017
221.0,82.0,37.1,11.0,5.0,45.5,52.0,29.0,55.8,nyj,2017
,,23.0,,,8.0,,,15.0,nyj,2017
,,12.0,,,15.0,,,21.0,nyj,2017
202.0,89.0,44.1%,22.0,16.0,72.7%,67.0,48.0,71.6%,buf,2024
201.0,88.0,43.8%,32.0,17.0,53.1%,61.0,35.0,57.4%,buf,2024
,,7,,,2,,,2,buf,2024
,,29,,,13,,,16,buf,2024
79.0,28.0,35.4,9.0,6.0,66.7,20.0,11.0,55.0,jax,2025
78.0,32.0,41.0,5.0,2.0,40.0,17.0,9.0,52.9,jax,2025
,,25.0,,,11.0,,,20.0,jax,2025
,,23.0,,,5.0,,,8.0,jax,2025
230.0,93.0,40.4%,17.0,8.0,47.1%,34.0,15.0,44.1%,jax,2018
212.0,80.0,37.7%,12.0,3.0,25.0%,47.0,24.0,51.1%,jax,2018
,,14,,,25,,,31,jax,2018
,,14,,,1,,,8,jax,2018
196.0,85.0,43.4,8.0,4.0,50.0,53.0,26.0,49.1,tam,2017
216.0,104.0,48.1,9.0,2.0,22.2,53.0,29.0,54.7,tam,2017
,,4.0,,,12.0,,,24.0,tam,2017
,,32.0,,,1.0,,,17.0,tam,2017
222.0,103.0,46.4%,22.0,11.0,50.0%,77.0,48.0,62.3%,buf,2021
214.0,66.0,30.8%,35.0,16.0,45.7%,45.0,23.0,51.1%,buf,2021
,,3,,,20,,,7,buf,2021
,,1,,,8,,,6,buf,2021
226.0,95.0,42.0%,21.0,13.0,61.9%,55.0,35.0,63.6%,ram,2023
228.0,88.0,38.6%,30.0,16.0,53.3%,48.0,26.0,54.2%,ram,2023
,,8,,,4,,,4,ram,2023
,,18,,,22,,,15,ram,2023
207.0,84.0,40.6%,26.0,7.0,26.9%,45.0,27.0,60.0%,jax,2020
198.0,86.0,43.4%,18.0,12.0,66.7%,63.0,40.0,63.5%,jax,2020
,,18,,,31,,,16,jax,2020
,,21,,,27,,,22,jax,2020
212.0,76.0,35.8%,18.0,8.0,44.4%,44.0,25.0,56.8%,buf,2019
212.0,76.0,35.8%,21.0,8.0,38.1%,43.0,24.0,55.8%,buf,2019
,,24,,,20,,,17,buf,2019
,,7,,,7,,,14,buf,2019
66.0,31.0,47.0,8.0,6.0,75.0,29.0,19.0,65.5,clt,2025
73.0,35.0,47.9,9.0,4.0,44.4,19.0,11.0,57.9,clt,2025
,,2.0,,,7.0,,,10.0,clt,2025
,,30.0,,,7.0,,,15.0,clt,2025
235.0,91.0,38.7%,19.0,9.0,47.4%,60.0,32.0,53.3%,nor,2023
226.0,78.0,34.5%,26.0,11.0,42.3%,48.0,24.0,50.0%,nor,2023
,,15,,,22,,,18,nor,2023
,,4,,,3,,,8,nor,2023
232.0,82.0,35.3%,37.0,20.0,54.1%,44.0,19.0,43.2%,nyg,2024
216.0,87.0,40.3%,21.0,12.0,57.1%,54.0,29.0,53.7%,nyg,2024
,,27,,,18,,,32,nyg,2024
,,19,,,16,,,11,nyg,2024
212.0,83.0,39.2%,29.0,12.0,41.4%,50.0,31.0,62.0%,cle,2021
219.0,86.0,39.3%,25.0,16.0,64.0%,52.0,34.0,65.4%,cle,2021
,,17,,,30,,,10,cle,2021
,,13,,,28,,,27,cle,2021
202.0,64.0,31.7%,21.0,12.0,57.1%,46.0,26.0,56.5%,car,2022
231.0,95.0,41.1%,18.0,8.0,44.4%,57.0,32.0,56.1%,car,2022
,,30,,,5,,,12,car,2022
,,23,,,12,,,18,car,2022
196.0,71.0,36.2%,17.0,7.0,41.2%,50.0,29.0,58.0%,cle,2019
195.0,74.0,37.9%,17.0,6.0,35.3%,57.0,35.0,61.4%,cle,2019
,,20,,,23,,,13,cle,2019
,,14,,,5,,,25,cle,2019
75.0,31.0,41.3,13.0,11.0,84.6,25.0,16.0,64.0,kan,2025
67.0,26.0,38.8,13.0,4.0,30.8,17.0,10.0,58.8,kan,2025
,,11.0,,,3.0,,,13.0,kan,2025
,,14.0,,,2.0,,,16.0,kan,2025
199.0,67.0,33.7,12.0,5.0,41.7,43.0,24.0,55.8,cin,2017
241.0,98.0,40.7,19.0,9.0,47.4,56.0,26.0,46.4,cin,2017
,,29.0,,,20.0,,,12.0,cin,2017
,,25.0,,,18.0,,,6.0,cin,2017
176.0,83.0,47.2%,15.0,12.0,80.0%,71.0,51.0,71.8%,kan,2018
193.0,80.0,41.5%,27.0,18.0,66.7%,58.0,42.0,72.4%,kan,2018
,,2,,,3,,,2,kan,2018
,,25,,,28,,,31,kan,2018
230.0,67.0,29.1%,24.0,12.0,50.0%,36.0,20.0,55.6%,den,2022
220.0,75.0,34.1%,14.0,9.0,64.3%,47.0,24.0,51.1%,den,2022
,,32,,,17,,,14,den,2022
,,2,,,29,,,7,den,2022
237.0,70.0,29.5%,44.0,24.0,54.5%,37.0,18.0,48.6%,cle,2024
224.0,81.0,36.2%,18.0,8.0,44.4%,53.0,33.0,62.3%,cle,2024
,,32,,,17,,,28,cle,2024
,,8,,,4,,,24,cle,2024
230.0,84.0,36.5%,30.0,13.0,43.3%,38.0,17.0,44.7%,nyg,2021
226.0,90.0,39.8%,23.0,15.0,65.2%,71.0,37.0,52.1%,nyg,2021
,,24,,,26,,,32,nyg,2021
,,16,,,30,,,9,nyg,2021
219.0,80.0,36.5%,17.0,9.0,52.9%,42.0,27.0,64.3%,oti,2022
225.0,77.0,34.2%,26.0,19.0,73.1%,49.0,27.0,55.1%,oti,2022
,,23,,,13,,,6,oti,2022
,,3,,,32,,,15,oti,2022
197.0,78.0,39.6%,26.0,16.0,61.5%,60.0,35.0,58.3%,clt,2020
203.0,86.0,42.4%,14.0,6.0,42.9%,52.0,32.0,61.5%,clt,2020
,,22,,,11,,,17,clt,2020
,,19,,,5,,,15,clt,2020
194.0,95.0,49.0%,16.0,9.0,56.3%,59.0,36.0,61.0%,kan,2020
188.0,77.0,41.0%,20.0,13.0,65.0%,47.0,36.0,76.6%,kan,2020
,,3,,,18,,,14,kan,2020
,,17,,,25,,,32,kan,2020
230.0,96.0,41.7,26.0,17.0,65.4,55.0,36.0,65.5,phi,2017
205.0,66.0,32.2,18.0,4.0,22.2,38.0,21.0,55.3,phi,2017
,,8.0,,,3.0,,,1.0,phi,2017
,,3.0,,,1.0,,,20.0,phi,2017
212.0,79.0,37.3%,31.0,14.0,45.2%,42.0,24.0,57.1%,nyg,2019
216.0,86.0,39.8%,14.0,8.0,57.1%,54.0,31.0,57.4%,nyg,2019
,,19,,,19,,,16,nyg,2019
,,20,,,23,,,17,nyg,2019
214.0,104.0,48.6%,15.0,7.0,46.7%,64.0,44.0,68.8%,clt,2018
200.0,82.0,41.0%,15.0,7.0,46.7%,43.0,23.0,53.5%,clt,2018
,,1,,,26,,,5,clt,2018
,,23,,,7,,,11,clt,2018
236.0,106.0,44.9%,15.0,11.0,73.3%,52.0,27.0,51.9%,pit,2022
216.0,85.0,39.4%,21.0,13.0,61.9%,47.0,26.0,55.3%,pit,2022
,,7,,,3,,,23,pit,2022
,,18,,,26,,,17,pit,2022
197.0,71.0,36.0%,20.0,13.0,65.0%,53.0,24.0,45.3%,crd,2019
214.0,100.0,46.7%,14.0,3.0,21.4%,62.0,37.0,59.7%,crd,2019
,,21,,,3,,,29,crd,2019
,,30,,,1,,,21,crd,2019
213.0,77.0,36.2%,27.0,19.0,70.4%,48.0,24.0,50.0%,cin,2020
210.0,91.0,43.3%,16.0,10.0,62.5%,58.0,37.0,63.8%,cin,2020
,,30,,,4,,,29,cin,2020
,,20,,,24,,,24,cin,2020
205.0,84.0,41.0%,23.0,14.0,60.9%,57.0,33.0,57.9%,phi,2018
201.0,71.0,35.3%,19.0,11.0,57.9%,56.0,25.0,44.6%,phi,2018
,,12,,,10,,,17,phi,2018
,,6,,,19,,,1,phi,2018
179.0,85.0,47.5%,13.0,7.0,53.8%,67.0,45.0,67.2%,sfo,2023
215.0,88.0,40.9%,28.0,14.0,50.0%,44.0,24.0,54.5%,sfo,2023
,,4,,,14,,,1,sfo,2023
,,24,,,15,,,16,sfo,2023
212.0,77.0,36.3%,31.0,15.0,48.4%,53.0,30.0,56.6%,mia,2024
209.0,75.0,35.9%,20.0,10.0,50.0%,55.0,27.0,49.1%,mia,2024
,,25,,,25,,,16,mia,2024
,,6,,,6,,,4,mia,2024
231.0,87.0,37.7%,18.0,11.0,61.1%,57.0,28.0,49.1%,htx,2024
220.0,79.0,35.9%,26.0,17.0,65.4%,44.0,28.0,63.6%,htx,2024
,,20,,,11,,,26,htx,2024
,,7,,,25,,,27,htx,2024
201.0,88.0,43.8%,19.0,11.0,57.9%,53.0,28.0,52.8%,rai,2019
190.0,81.0,42.6%,13.0,9.0,69.2%,55.0,37.0,67.3%,rai,2019
,,7,,,8,,,22,rai,2019
,,26,,,32,,,30,rai,2019
228.0,87.0,38.2,17.0,8.0,47.1,40.0,16.0,40.0,clt,2017
217.0,97.0,44.7,14.0,7.0,50.0,51.0,27.0,52.9,clt,2017
,,18.0,,,15.0,,,31.0,clt,2017
,,31.0,,,19.0,,,16.0,clt,2017
206.0,98.0,47.6%,33.0,22.0,66.7%,72.0,50.0,69.4%,det,2024
185.0,60.0,32.4%,29.0,12.0,41.4%,55.0,28.0,50.9%,det,2024
,,4,,,7,,,3,det,2024
,,1,,,2,,,7,det,2024
221.0,100.0,45.2%,29.0,17.0,58.6%,65.0,39.0,60.0%,crd,2021
207.0,79.0,38.2%,30.0,14.0,46.7%,51.0,31.0,60.8%,crd,2021
,,5,,,10,,,14,crd,2021
,,10,,,10,,,20,crd,2021
199.0,78.0,39.2,10.0,3.0,30.0,50.0,21.0,42.0,kan,2017
207.0,83.0,40.1,17.0,9.0,52.9,51.0,28.0,54.9,kan,2017
,,14.0,,,28.0,,,29.0,kan,2017
,,23.0,,,21.0,,,19.0,kan,2017
187.0,69.0,36.9%,17.0,9.0,52.9%,45.0,32.0,71.1%,cin,2018
223.0,109.0,48.9%,17.0,11.0,64.7%,61.0,39.0,63.9%,cin,2018
,,21,,,18,,,3,cin,2018
,,32,,,26,,,25,cin,2018
220.0,82.0,37.3%,35.0,15.0,42.9%,46.0,28.0,60.9%,phi,2020
211.0,80.0,37.9%,18.0,7.0,38.9%,51.0,33.0,64.7%,phi,2020
,,28,,,27,,,15,phi,2020
,,7,,,3,,,26,phi,2020
231.0,76.0,32.9%,38.0,23.0,60.5%,37.0,23.0,62.2%,chi,2024
213.0,80.0,37.6%,19.0,9.0,47.4%,63.0,29.0,46.0%,chi,2024
,,31,,,13,,,8,chi,2024
,,13,,,5,,,2,chi,2024
230.0,81.0,35.2%,25.0,12.0,48.0%,47.0,24.0,51.1%,was,2022
210.0,67.0,31.9%,25.0,12.0,48.0%,52.0,27.0,51.9%,was,2022
,,25,,,20,,,25,was,2022
,,1,,,14,,,8,was,2022
206.0,77.0,37.4%,19.0,12.0,63.2%,60.0,31.0,51.7%,rai,2021
230.0,91.0,39.6%,29.0,21.0,72.4%,43.0,35.0,81.4%,rai,2021
,,22,,,6,,,26,rai,2021
,,15,,,32,,,32,rai,2021
239.0,95.0,39.7%,21.0,9.0,42.9%,37.0,19.0,51.4%,htx,2021
206.0,89.0,43.2%,19.0,11.0,57.9%,66.0,41.0,62.1%,htx,2021
,,15,,,27,,,27,htx,2021
,,26,,,20,,,22,htx,2021
233.0,95.0,40.8%,22.0,12.0,54.5%,49.0,30.0,61.2%,mia,2021
231.0,95.0,41.1%,18.0,11.0,61.1%,57.0,30.0,52.6%,mia,2021
,,13,,,15,,,13,mia,2021
,,20,,,23,,,11,mia,2021
216.0,77.0,35.6%,21.0,7.0,33.3%,46.0,24.0,52.2%,chi,2019
209.0,76.0,36.4%,23.0,13.0,56.5%,53.0,29.0,54.7%,chi,2019
,,25,,,28,,,24,chi,2019
,,9,,,22,,,13,chi,2019
76.0,28.0,36.8,3.0,3.0,100.0,13.0,10.0,76.9,cin,2025
74.0,34.0,45.9,7.0,4.0,57.1,28.0,20.0,71.4,cin,2025
,,23.0,,,1.0,,,2.0,cin,2025
,,29.0,,,14.0,,,30.0,cin,2025
220.0,90.0,40.9%,13.0,5.0,38.5%,42.0,25.0,59.5%,det,2019
214.0,94.0,43.9%,15.0,7.0,46.7%,57.0,33.0,57.9%,det,2019
,,14,,,25,,,12,det,2019
,,28,,,15,,,18,det,2019
196.0,82.0,41.8%,18.0,9.0,50.0%,54.0,30.0,55.6%,atl,2022
220.0,101.0,45.9%,17.0,7.0,41.2%,60.0,33.0,55.0%,atl,2022
,,10,,,17,,,14,atl,2022
,,31,,,9,,,14,atl,2022
224.0,78.0,34.8%,25.0,14.0,56.0%,45.0,22.0,48.9%,rai,2024
221.0,88.0,39.8%,13.0,10.0,76.9%,58.0,35.0,60.3%,rai,2024
,,30,,,15,,,27,rai,2024
,,17,,,31,,,21,rai,2024
207.0,71.0,34.3%,28.0,13.0,46.4%,48.0,27.0,56.3%,mia,2019
194.0,81.0,41.8%,13.0,8.0,61.5%,59.0,37.0,62.7%,mia,2019
,,28,,,18,,,18,mia,2019
,,24,,,28,,,27,mia,2019
193.0,84.0,43.5%,25.0,13.0,52.0%,53.0,34.0,64.2%,htx,2019
202.0,98.0,48.5%,16.0,7.0,43.8%,49.0,35.0,71.4%,htx,2019
,,8,,,12,,,7,htx,2019
,,31,,,10,,,32,htx,2019
223.0,105.0,47.1%,24.0,12.0,50.0%,64.0,33.0,51.6%,gnb,2023
224.0,92.0,41.1%,30.0,14.0,46.7%,57.0,29.0,50.9%,gnb,2023
,,5,,,16,,,20,gnb,2023
,,25,,,8,,,10,gnb,2023
216.0,75.0,34.7%,36.0,15.0,41.7%,48.0,23.0,47.9%,chi,2021
211.0,81.0,38.4%,24.0,12.0,50.0%,54.0,30.0,55.6%,chi,2021
,,32,,,28,,,30,chi,2021
,,11,,,12,,,13,chi,2021
75.0,26.0,34.7,9.0,7.0,77.8,16.0,14.0,87.5,phi,2025
78.0,33.0,42.3,8.0,3.0,37.5,17.0,9.0,52.9,phi,2025
,,27.0,,,6.0,,,1.0,phi,2025
,,26.0,,,4.0,,,8.0,phi,2025
213.0,74.0,34.7%,41.0,21.0,51.2%,45.0,21.0,46.7%,det,2021
204.0,92.0,45.1%,14.0,9.0,64.3%,60.0,42.0,70.0%,det,2021
,,31,,,19,,,31,det,2021
,,29,,,29,,,31,det,2021
193.0,83.0,43.0%,18.0,8.0,44.4%,57.0,32.0,56.1%,crd,2024
208.0,91.0,43.8%,24.0,14.0,58.3%,57.0,30.0,52.6%,crd,2024
,,8,,,28,,,17,crd,2024
,,28,,,17,,,9,crd,2024
